順位,ASIN,商品名,粗利額,粗利率,販売数,アカ
1,B09H6V7PLM,TSAR BOMBA 腕時計 メンズ うでメンズ 5気圧防水 トノー型 とけい ,25796,0.592,1,クーパン1
2,B09M6SB9VQ,Lekufee 防水ハードキャリングケース DJI Mavic 3 Pro/DJ,10547,0.354,2,クーパン2
3,B07T6889TT,カトージ 木製ハイチェア Easy-sit ホワイトウォッシュ 1個 (x 1),10126,0.315,1,クーパン1
4,B000TGNVSI,コバックス(KOVAX)バフレックス グリーン シート（箱） 糊付 70ミリ×1,8930,0.611,2,クーパン2
5,B0054IEIL0,ARMOR アルモア FRP製エフェクターボード PS-3C (マジックテープ付,6373,0.294,1,クーパン1
6,B08T6GZY4S,"BOYA BY-PM700 USBコンピュータ会議マイク, USBライブコンデン",5295,0.243,2,クーパン1
7,B07VXD49DC,PYKES PEAK（パイクスピーク） ゴルフ キャディバッグ カートタイプ 【,4922,0.339,1,クーパン1
8,B0CRVJNXRD,Anker Soundcore Sleep A20 （ワイヤレスイヤホン Blu,4775,0.23,1,クーパン2
9,B0B93MDN8B,breo アイウォーマー 目元エステ ホット アイマスク 充電式 USB充電 3,4480,0.515,1,クーパン2
10,B0CYP9PJV5,「DayDay特別版」で紹介！【TVCM放映中！小松菜奈さん出演】MYTREX ,4356,0.2,1,クーパン2
11,B01NH59PEV,ZWILLING ツヴィリング 「 バイタリティ シチューポット 20cm 3L,3975,0.289,1,クーパン1
12,B0DBLDKVDW,SwitchBot 温湿度計 プロ 温度計 湿度計 - スイッチボット 快適指数,3759,0.379,2,クーパン1
13,B0894CMJ6S,[LAD WEATHER] ダイバーズ ウォッチ 水深計 水温計 海 海水浴 潜,3724,0.297,1,クーパン1
14,B0DBL59G33,TAMASHII NATIONS S.H.フィギュアーツ 怪獣8号 保科宗四郎 ,3531,0.253,2,クーパン1
15,B07P5474QG,山崎実業(Yamazaki) テレビ裏収納ラック ブラック 約W57×D11×H,3518,0.587,1,クーパン2
16,B0088GWV7I,クリンスイ 浄水器 蛇口直結型 CSPシリーズ 交換カートリッジ HGC9SZ,3493,0.212,2,クーパン2
17,B006LD6LWQ,Noritake ノリタケ ティー カップ & ソーサー 180cc ジュヌフレ,3383,0.349,2,クーパン1
18,B0B12CJC6G,Sondery 電子メトロノーム 人声 大音量 デジタル ギター ドラム用 3種,3360,0.377,2,クーパン1
19,B075FFC8CT,アイドルタイムプリパラ 夢オールスターライブ! - 3DS,3297,0.42,2,クーパン1
20,B0CRQX4M4J,タカラトミー プラレール シンカリオンCW E7かがやき ドリルフォーム 電車 ,3222,0.252,2,クーパン1
21,B07PRBRY58,メルちゃん お人形セット ハローキティネネちゃん,3200,0.226,2,クーパン2
22,B081YST74T,ホリカホリカ エッセンスBB Wデーションネオプラス,3195,0.36,1,クーパン2
23,B004W4VYC8,SEIKO セイコー クオーツメトロノーム SQ200,3158,0.221,2,クーパン1
24,B008DMV6KU,スナッグゴルフ スナッガズー 【国内正規品】 SNAG GOLF トレーニング用,3151,0.274,2,クーパン1
25,B08DZZ5CW8,ROCKBOARD by Warwick エフェクター用LED RBO B LE,3146,0.281,2,クーパン1
26,B0BFGJPVHT,[ReliBeauty] 王子様 コスプレ 衣装 子供 ハロウィン 仮装 男の子,3068,0.308,2,クーパン1
27,B0847ZWD1L,プラレール かっこいいがいっぱい! 新幹線 N700S確認試験車 立体レイアウト,3052,0.22,1,クーパン2
28,B01MRMURNW,デロンギ コーヒーマシン用除石灰剤 100ml×2本 deLonghi Natu,3038,0.475,2,クーパン1
29,B08XW9464W,BANDAI SPIRITS(バンダイ スピリッツ) RG 機動戦士ガンダムSE,2998,0.27,2,クーパン2
30,B0D5CHLXVM,トランスフォーマー/ONE OD-01 デラックスクラス オプティマスプライム,2985,0.376,2,クーパン2
31,B00W3FMKDA,コクヨ(KOKUYO) テープのり のり ドットライナー 詰め替え 強粘着 15,2967,0.296,2,クーパン2
32,B0B2WZ1JMQ,ソニー(SONY) ワイヤレスイヤホン WI-C100:Bluetooth対応/,2942,0.277,2,クーパン1
33,B079Y6X3GN,WOMBAROO(ウォンバルー) ハイプロテインサプリメント( High Pro,2917,0.257,1,クーパン2
34,B000VE6DZ6,メデラ 乳頭保護器 ブレストシェル 2個入り 炎症や亀裂を発症した乳首を保護 衣,2904,0.364,2,クーパン1
35,B07MYSS6R1,【旧モデル】ブラウン オーラルB すみずみクリーンキッズ レッド D12513K,2898,0.36,2,クーパン1
36,B08XMBDCVM,MITORI 2段式 コロナ感染抑える高速弁当箱炊飯器 0.5-1.5合 ひとり,2877,0.381,1,クーパン2
37,B0761X72PW,仮面ライダービルド 変身煙銃 DXトランスチームガン,2864,0.306,1,クーパン1
38,B0CNK1V2K7,コンクリートマイク 高感度 壁集音器 集音マイク イヤホン付き 水漏れ検知 機械,2844,0.227,2,クーパン2
39,B09RZPQ532,OM SYSTEM/オリンパス レンズキャップ LC-62G ブラック,2829,0.493,2,クーパン1
40,B092ZB4QZ9,RG 機動戦士ガンダム0083 STARDUST MEMORY RX-78GP0,2795,0.238,2,クーパン1
41,B0B4T2YF98,ブラウン(Braun) シェーバー用 充電スタンド シリーズ5/シリーズ9用 8,2792,0.327,2,クーパン1
42,B0BPBY1Z96,スパイク(SPEICK) 【日本正規輸入品】メンズ・シェイビングクリーム 2本セ,2728,0.427,2,クーパン1
43,B0DJNVW16W,[TRNR] トレイナー アブマット AB MAT 腹筋マット 体幹トレーニング,2658,0.318,1,クーパン2
44,B0CWKVHZBD,仮面ライダーガッチャード DXクロスホッパー＆テンライナー,2626,0.342,2,クーパン1
45,B00F2ZL93A,Medela(メデラ) カーム 授乳システム | メデラの母乳ボトル用授乳用乳首,2601,0.34,2,クーパン1/クーパン2
46,B0BY98HF1P,マイクブームアーム マイクスタンド コンデンサー マイク用 角度調節可能 伸縮可,2599,0.464,1,クーパン1
47,B099Z7VBCJ,仮面ライダーリバイス 変身ベルト DXリバイスドライバー 仮面ライダー50周年ス,2584,0.27,2,クーパン1
48,B09QVTV9MW,パイレックス(Pyrex) PYREX オーバル ロースター 皿 耐熱ガラス 電,2571,0.564,1,クーパン1
49,B0DCYHCHXV,ＭＧ ガ ン ダ ムストームブリンガー Ｐ.Ｆ. 1/100スケール 色分け済み,2568,0.243,1,クーパン1
50,B089QVBWNN,MTG ReFa SKIM SHAVER（リファスキムシェーバー）,2550,0.212,2,クーパン1
51,B0D6Z2YCMP,Momcozy S12 Pro ハンズフリー電動搾乳機、着用式ワイヤレス搾乳機、,2537,0.201,1,クーパン1
52,B0CPDD15MS,嘉之助 日置蒸溜蔵 HIOKI POT STILL KNOSUKE かのすけ 7,2482,0.207,1,クーパン1
53,B086SY5LVZ,アスタリフト Ｄ-ＵＶクリア アクアデイセラム (30g SPF50+・PA++,2462,0.433,1,クーパン2
54,B095XK6QPD,ジョイパレット(JOYPALETTE) アンパンマン すうじがピピピ! ガソリン,2458,0.423,1,クーパン2
55,B06Y2442CL,くらしリズム メディカル ミヤリサン製薬 ミヤフローラEX (230錠) 消化促,2435,0.302,2,クーパン2
56,B098FBVNXG,正官庄(ジョンガンジャン) 紅参精エブリタイムV(バリュー) 10ml×11包 ,2403,0.543,1,クーパン1
57,B01N4SD37J,エバーカラーワンデー ルクアージュ 30枚 エアリーブラウン -4.75,2403,0.43,1,クーパン2
58,B0DC61FZH8,NEEWER 垂直カメラマウント RS4 RS3用 縦型カメラマウント 1秒クイ,2383,0.379,1,クーパン2
59,B086VKZZZY,[Beauty of Joseon] Glow Serum : Propolis,2375,0.361,2,クーパン2
60,B0BGP4XVGY,オールインワンEAA BCAA クレアチン グルタミン クエン酸 HMB アンビ,2374,0.323,1,クーパン2
61,B08264KT34,BANDAI SDガンダム BB戦士 ガンダムベース限定 ユニコーンガンダム ペ,2373,0.243,2,クーパン2
62,B075Q58Q6T,BANDAI HGUC 1/144 ゼータガンダム(ウェイブシューター) プラモ,2337,0.226,1,クーパン1
63,B089LLCZ5S,FIFINE USBマイク コンデンサーマイク 単一指向性 3.5mmイヤホン端,2315,0.424,1,クーパン1
64,B018K0YIRM,ハイキュー!! Cross team match! - 3DS,2305,0.39,1,クーパン2
65,B08GR2K8WH,エレコム マウス ワイヤレス トラックボール (親指) 左手専用 赤玉 6ボタン,2292,0.204,2,クーパン1
66,B0BQQTNSRD,パール金属(PEARL METAL) VISIONS ビジョン メジャーカップ ,2231,0.464,1,クーパン2
67,B001PTHGPM,Figma 涼宮ハルヒの憂鬱 涼宮ハルヒ チアガールver.,2162,0.283,1,クーパン1
68,B000UPFXZ2,KORG(コルグ) ボリューム/エクスプレッションペダル EXP-2,2157,0.234,1,クーパン1
69,B0CZPTHCB3,フィリップス ハンディガン ボディシェイプガン コードレス 7段階振動 強力振動,2150,0.22,1,クーパン2
70,B00B1LCS1G,Coleman(コールマン) クッカー パックアウェイ ソロクッカーセット 1人,2130,0.322,1,クーパン1
71,B08GM64R84,SwitchBot スイッチボット リモートボタン ワンタッチ SwitchBo,2067,0.294,2,クーパン1/クーパン2
72,B01M8PWN79,仮面ライダーエグゼイド 双刃烈破 DXガシャコンスパロー,2057,0.25,1,クーパン1
73,B07VSPNPN8,ミューノアージュ Wアプローチヘアプログラム [医薬部外品 薬用育毛剤60mL ,2039,0.228,1,クーパン2
74,B015X4WZNW,シャンティ -海賊の呪い- - 3DS,2018,0.314,1,クーパン1
75,B09NYQSWBG,MARVIS(マービス) MARVIS マービス ホワイト・ミント 歯磨き粉 爽,2010,0.318,1,クーパン2
76,B0B45VTJ1L,【Amazon.co.jp限定】 東レ トレビーノ 浄水ポット (高速ろ過) コ,1971,0.336,1,クーパン2
77,B0CQ7ZS96D,［ タヴァティー公式 ］ホワイトニング 歯磨き粉【 歯を白くする 歯磨きジェル ,1959,0.204,1,クーパン2
78,B07FVL6VM2,ジョビー(JOBY) カメラ三脚 ミニ三脚 ゴリラポッド マグネティック325 ,1952,0.558,1,クーパン1
79,B004ZHYEGU,スーパー戦隊シリーズ 海賊戦隊ゴーカイジャー VOL.3 [Blu-ray],1933,0.202,2,クーパン2
80,B08HYX593S,F-ZXLP90 集塵フィルター と F-ZXLD90 脱臭フィルター 加湿空気,1929,0.271,1,クーパン2
81,B07ND42J1V,共立電気計器 低圧用検電器 5711,1871,0.206,2,クーパン2
82,B09NM8QG94,RLSOCO ジレット 髭剃りケース 収納ケース ジレット Gillette L,1867,0.239,2,クーパン2
83,B083ZMWCLX,サンコー おひとりさま用超高速弁当箱炊飯器 TKFCLBRC,1836,0.215,1,クーパン1
84,B07SRWNGCD,Hisamitsu 乳酸菌EC-12 1g ×61袋 1兆個の乳酸菌 ヨーグルト,1834,0.22,1,クーパン2
85,B004IX2972,シルバニアファミリー 家具 赤ちゃんシーソー カ-215,1819,0.314,1,クーパン2
86,B0CKX79JNT,TELESIN GoProと互換用 ダブルクランプ マウント ダブルハサミマウン,1810,0.421,1,クーパン2
87,B087Q7T5HW,"
HGUC 1/144 Ex-S ガンダム （ガンダム・センチネル）",1791,0.321,1,クーパン1
88,B08V19WPQR,シンワ測定(Shinwa Sokutei) 丸ノコガイド定規 たためるエルアング,1787,0.293,1,クーパン2
89,B0732JB6PP,ハーバライフ HERBALIFE フォーミュラ1プロテインドリンクミックス　オレ,1782,0.223,1,クーパン2
90,B0DKSLZG82,Flybay 女の子 おもちゃ 化粧品 おもちゃ - 偽物 プラスチックふり お,1775,0.397,1,クーパン2
91,B0CXJ1WRB7,【Amazon.co.jp 限定】パイロット メルちゃん お人形セット おしょく,1770,0.293,1,クーパン2
92,B0CGXKZ6LP,[TUAHOUS] ディズニー ハロウィン コスプレ 人魚姫アリエル コスチュー,1759,0.481,1,クーパン2
93,B002P3JZG0,リボルテックヤマグチ No.77 劇中カラー版 エヴァンゲリオン 仮設5号機,1752,0.228,1,クーパン1
94,B06X95RJX3,ジョイパレット(JOYPALETTE) アンパンマンとなかまたち パズルであそぼ,1729,0.382,1,クーパン1
95,B07CKDFJDF,【正規輸入品】ロイヤルコペンハーゲン ホワイトフルーテッド ペア マグカップ S,1726,0.207,1,クーパン1
96,B0CV7G2FVN,TNA 薬用 ホワイトニングクリーム 45g【医薬部外品】美白クリーム フェイス,1725,0.228,1,クーパン2
97,B0CTBV5N3S,タカラトミー プラレール 連結! E8系つばさ ＆ トミカアーチ踏切セット (初,1721,0.243,1,クーパン2
98,B0912N66GZ,BOSS ボス クリップチューナー TU-05 大型カラー・ディスプレイ 最大1,1715,0.447,1,クーパン1
99,B0D9NN4GK5,Bluetooth イヤホン ネックバンド型 首掛け ワイヤレスイヤホン ブルー,1701,0.488,1,クーパン1
100,B07KYYKQBX,純正パーツ 15 ツインパワー C2000S スプール組 パートNo 1089M,1696,0.238,1,クーパン1
101,B0B7RPGCZL,MG 機動戦士クロスボーン・ガンダム クロスボーンガンダムX-1 Ver.Ka ,1685,0.236,1,クーパン1
102,B0BXDJY5PW,【医療メーカーが作るサポーターブランド】メディエイド フィット感と通気性の高いひ,1657,0.398,1,クーパン1
103,B00E3HX3OQ,共立電気計器 デジタルマルチメータ 1009,1655,0.211,1,クーパン2
104,B0B846T6BK,マッサージガンヘッド、防水交換可能なマッサージャーガンアタッチメント、ソフトシリ,1653,0.536,1,クーパン2
105,B08KR4KWXD,OHSサプライ Spin Master パープレクサス ゴー! ステアーズ,1635,0.466,1,クーパン1
106,B0C7BX9BPZ,Akeyda 単眼鏡 美術館 4x12 美術館用単眼鏡 単眼鏡 4倍 単眼きょう,1631,0.295,1,クーパン1
107,B0CNYCX9GH,マテル ジュラシックワールド(JURASSIC WORLD) ダメージ! ひかる,1627,0.312,1,クーパン2
108,B0C433MJHR,VICTORINOX(ビクトリノックス) クラシック ヤッターマン コレクション,1622,0.33,1,クーパン1
109,B09BVD3GW1,breo アイウォーマー ホット アイマスク 充電式 USB充電 3つの気圧モー,1603,0.244,1,クーパン2
110,B0851YR51M,スター・ウォーズ/スカイウォーカーの夜明け 4K UHD MovieNEX [4,1576,0.204,1,クーパン1
111,B01N7YCEJQ,仮面ライダーエグゼイド LVUR16 シミュレーションゲーマ,1567,0.485,1,クーパン1
112,B09F8WKR1J,XXIO ELEVEN ゼクシオ イレブン MP1100用 純正グリップ XXI,1564,0.322,1,クーパン1
113,B08X49HR97,WRINKLE TWINKLE リンクルティンクル【医薬部外品】シワ改善 ハリ ,1562,0.528,1,クーパン2
114,B07X9DQMZD,仮面ライダージオウ　DXオーマジオウライドウォッチ,1559,0.202,1,クーパン2
115,B01LC5XS1E,仮面ライダーエグゼイド LVUR02 仮面ライダーブレイブ クエストゲーマー,1557,0.281,1,クーパン1
116,B09YGRW9BH,仮面ライダーW（ダブル） RETURNS 仮面ライダーエターナル [Blu-ra,1557,0.336,1,クーパン1
117,B07NBZTNQ7,HGBF 1/144 クロスボーンガンダム X1 フルクロス TYPE.GBFT,1556,0.28,1,クーパン1
118,B07RXDQC44,ラダイト スティックペンケース 革製 レッド LDK-SPN-03,1555,0.474,1,クーパン1
119,B09W289PHL,Zerodis. 集音マイク コンクリートマイク 壁マイク 隣室集音マイク 壁集,1546,0.532,1,クーパン1
120,4636117778,STAGEA ピアノ&エレクトーン 中～上級 Vol.27 クリスマス名曲集,1539,0.359,1,クーパン2
121,B000AR79ES,VICTORINOX(ビクトリノックス) エスコート スイス・アーミーナイフ 多,1537,0.413,1,クーパン1
122,B0CHDQCTC4,[Miffia] ハロウィン コスプレ 可愛い ウサギ警察 ポリス コスプレ衣装,1535,0.278,1,クーパン1
123,B07GRVC3GZ,DJI Mavic 2 カーチャージャー,1533,0.354,1,クーパン1
124,B075GD4K9Y,阿蘇製薬 デルガード 磁気バンX 強力タイプ 48粒,1532,0.52,1,クーパン1
125,B011KFL0Z2,AVP＆プレデター　ブルーレイコレクション(5枚組) [Blu-ray],1531,0.266,1,クーパン1
126,B0CC1KQ9Q3,ウルトラ怪獣アドバンス ニジカガチ＆アースガロン Mod.2ユニット,1531,0.46,1,クーパン1
127,B0CP4XQXQ6,S.H.フィギュアーツ SHY シャイ 約125mm ABS&PVC製 塗装済み,1527,0.241,1,クーパン1
128,B0CHRCPYPM,[バンダイ] レジェンド変身ベルトシリーズ カイザドライバー,1526,0.376,1,クーパン2
129,B076DDFPWG,Hape(ハペ) 大きなクレーンセット E3715,1526,0.391,1,クーパン1
130,B002UXQ78O,iwaki(イワキ) 耐熱ガラス スイーツカップ パフェ 240ml ×6個セッ,1525,0.401,1,クーパン1
131,B089DJMDXD,遊戯王オフィシャルカードゲーム デュエリストカードプロテクター 冥闇,1522,0.295,1,クーパン1
132,B077Z85LF6,ヨシカワ 蒸し器 鍋用 18~20cm鍋対応 蒸しプレート 日本製 ステンレス ,1519,0.419,1,クーパン1
133,B00CHJIU86,NARUMI(ナルミ) マグカップ ブルーフラワー 300cc 花柄 おしゃれ ,1519,0.529,1,クーパン1
134,B0087BC8D6,KCNC 自転車 軽量 チェーンリング ボルト SB009 カンパ 5PCS,1512,0.328,1,クーパン1
135,B00Q9VX3AS,機動戦士ガンダム THE ORIGIN I [DVD],1510,0.289,1,クーパン1
136,B0D2MRHLKH,TOMIX Nゲージ ファーストカーミュージアム JR E259系 成田エクスプ,1510,0.347,1,クーパン1
137,B07W8VXSPP,[コミネ] バイク用 グローブ プロテクトウィンターグローブ ブラック L GK,1509,0.236,1,クーパン2
138,B0CLGM3423,国内正規品】JILL STUART ジルスチュアート ディープ ヘッドクレンズ ,1501,0.255,1,クーパン2
139,B08HH4F65G,Noritake ノリタケ マグカップ 約395cc トレフォリオゴールド 1個,1492,0.332,1,クーパン1
140,B07H5GJLBJ,【正規品】ブラウン 脱毛器 レディースシェーバー シルク・エピル ボディ用 角質,1491,0.363,1,クーパン1
141,B085RCL2ND,SCHLEICH シュライヒ 恐竜 ティラノサウルス・レックス(ブルー) 721,1488,0.456,1,クーパン2
142,B0CN8YZ5XK,【anan掲載×管理栄養士推薦】 ビオメンテ 酪酸菌 サプリ 腸活 乳酸菌 長野,1484,0.403,1,クーパン2
143,B0CZ8JLW73,[FUANNA] ネックレス メンズ 人気 タングステン ネックレス めんず ス,1481,0.332,1,クーパン1
144,B0CB86LWJF,【青山加織プロ監修のゴルフ練習器具】ダウンブローマスター 手首 矯正 スイング ,1479,0.23,1,クーパン1
145,B091V32XRP,スター・ウォーズ ブラックシリーズ 6インチ アクションフィギュア 『バッド・バ,1477,0.283,1,クーパン1
146,B0CBNKMS51,マテル ジュラシックワールド(JURASSIC WORLD) アクションフィギュ,1472,0.243,1,クーパン2
147,B0C6K2LVDN,ブリタ 水筒 携帯用 浄水ボトル 600ml アクティブ ブルー マイクロディス,1471,0.425,1,クーパン1
148,B015YXF7CS,ヨシカワ EAトCO イイトコ Oki（オキ） おたまスタンド お玉置き レード,1471,0.414,1,クーパン2
149,B0DFZPR9Z4,シャオミ(Xiaomi) スマートウォッチ Redmi Watch 5 Acti,1471,0.285,1,クーパン1
150,B0B85R8LC9,マテル(MATTEL) ジュラシックワールド(JURASSIC WORLD) ビ,1469,0.366,1,クーパン2
151,B07H2WVKG8,仮面ライダージオウ DXエグゼイドライドウォッチ,1466,0.436,1,クーパン1
152,B01BG9I3NO,ダイワ(DAIWA) スピニングリール(糸付き) 16 ジョイナス 1500(2,1466,0.434,1,クーパン1
153,B000S0H06O,figma 涼宮ハルヒの憂鬱 長門有希 制服ver.,1466,0.202,1,クーパン1
154,B00AOVXOQW,BRIO (ブリオ) WORLD バッテリーパワーアクショントレイン [全3ピー,1465,0.396,1,クーパン1
155,B00TF7JY8S,HARIO (ハリオ) コーヒーサーバー オリーブウッド 400ml VCWN-,1463,0.359,1,クーパン1
156,B008654MNM,PRORASO (ポロラーソ) PRORASO(ポロラーソ) アフターシェーブバ,1461,0.363,1,クーパン1
157,B07L3Q1JKR,サンエックス すみっコぐらし スーパーもーちもちぬいぐるみ 6種セット,1461,0.227,1,クーパン1
158,B07QJBMT8V,TAMASHII NATIONS フィギュアーツZERO ドラミ 約90mm P,1459,0.286,1,クーパン1
159,B0C3S4SB8Z,カワダ(Kawada) nanoblock - World Famous - M,1457,0.25,1,クーパン1
160,B0BHKYYY5M,DAFI ダフィ 浄水ボトル SOLID ソリッド 携帯用 ボトル型 浄水器 水,1457,0.299,1,クーパン1
161,B007HSXN1G,〔セイコー〕SEIKO 時計バンド ベルト19mm DX60A 牛革スムース 黒,1456,0.428,1,クーパン1
162,B0D3Z8T46J,マグカップ ガラス おしゃれ 耐 冷熱 ピーターラビット 耐熱マグ カップ フラ,1451,0.468,1,クーパン1
163,B09885Z2LQ,nanoblock カワダ(Kawada) ナノブロック 盆栽 松 NBH_22,1451,0.596,1,クーパン1
164,B07GZT52DS,[セイコー] 純正 20mm ダイバー用 ウレタン バンド DB73BP 国内正,1451,0.343,1,クーパン1
165,B0CKWQDFX1,[スワンズ] 日本製 スイミングゴーグル SW-CR SKBL スカイブルー く,1450,0.486,1,クーパン1
166,B004RK7FAM,BRIO 列車車庫 33574,1448,0.375,1,クーパン1
167,B014SOCH9A,SHURE MV5用デスクマイクスタンド AMV5DS ,1443,0.424,1,クーパン1
168,B08BP1M11C,オーム(OHM) AudioComm 集音器 充電式 ブラック オーム電機 MH,1438,0.387,1,クーパン1
169,B085RYWKT4,HGUC 1/144 アッシマー （機動戦士Zガンダム）,1430,0.276,1,クーパン1
170,B00GLCXSB4,DJECO ジェコ アニマンボ メタルフォン おもちゃ 鉄琴 シロフォン 楽器 ,1427,0.276,1,クーパン2
171,B0D6YRL4WH,WERJIA 収納ケース 互換性ペンタックス PENTAX WG-8/WG-90,1414,0.44,1,クーパン1
172,B0CKHC41TQ,グルマンディーズ ちいかわ MagSafe 対応 メタルステッカー きゅうけい ,1410,0.435,1,クーパン1
173,B01AC38V6E,BANDAI MG 1/100 V2ガンダム Ver.Ka用 拡張エフェクトユニ,1409,0.261,1,クーパン2
174,B0CLRVMGF3,冷却ジェル パッド イヤーパッド Anker Soundcore Space Q,1409,0.372,1,クーパン1
175,B003DSI3ZA,貝印(Kai Corporation) KAI 包丁 スタンド MY FAVOR,1409,0.299,1,クーパン2
176,B0BCHNF8S5,DR.WU (ドクターウー) マンデル酸 18% ピーリング 美容液 15mL ,1399,0.272,1,クーパン2
177,B0C2BWZP6P,AKASO アクションカメラ【Brave 7】 専用フレーム,1398,0.412,1,クーパン1
178,B000T9B2VS,VOX ヴォックス ケーブル ギター&ベースシールド カールコードタイプ 長さ ,1397,0.282,1,クーパン1
179,B0192LIS38,HIOKI (日置電機) 接続ケーブル L4930,1393,0.43,1,クーパン1
180,B09J1FZ51V,最新型ヘッドセットブルートゥースイヤホン猫の耳が光る女性用ワイヤレススポーツステ,1391,0.258,1,クーパン1
181,B07K1D8L3F,エレコム リストレスト dimp gel ゲル ピンク MOH-DG01PN,1389,0.38,1,クーパン2
182,B079K9DNC2,Nintendo Switch 有機ELモデル対応 tomtoc スイッチ 専用,1386,0.284,1,クーパン1
183,B0D9S27BT4,ゴルフスイングトレーニング補助、ゴルフスイングシャツトレーナー、通気性アームゴル,1383,0.239,1,クーパン1
184,B0CVTNMGDH,あずきのチカラ ホットアイマスク 蒸気 目もと用 3個セット + Kunuton,1381,0.258,1,クーパン2
185,B07FSHGHD8,DJI R マルチカメラ制御ケーブル (Sonyマルチ),1378,0.424,1,クーパン1
186,B00P7MLHW6,クリンスイ 浄水器 蛇口直結型 カートリッジ計3個入り [交換用カートリッジCB,1377,0.235,1,クーパン2
187,B0824MBF2B,クリエイティブ・メディア Sound Blaster G3 / PS4 / PS,1376,0.204,1,クーパン2
188,B0C6M4PW7X,【シリコーン素材】【タナック】タフシロン人工筋肉膝用サポーターホールドx1枚入り,1370,0.3,1,クーパン1
189,B0DFGWZRQ6,（ケースのみ）シャオミ Xiaomi サウンドアウトドア Bluetoothスピ,1366,0.432,1,クーパン1
190,B09WY2ZJVC,【第二代 新登場】PREXISO レーザー距離計 電子距離計 距離測定計 ミニ ,1365,0.238,1,クーパン2
191,B000LXH43M,OLYMPUS 単一指向性マイクロフォンセット ME52W,1363,0.384,1,クーパン1
192,B00OPSMLX2,SIXOCTAVE ペンタックス D-LI109 互換バッテリー グレードＡセル,1358,0.417,1,クーパン1
193,B0D37RTD3K,K&F Concept 40.5mm 可変NDフィルター ND2-ND400レン,1355,0.286,1,クーパン1
194,B0DNQSVXYH,JJC フラッシュディフューザー FD-1互換 OM SYSTEM オリンパス ,1353,0.311,1,クーパン1
195,B0CTX5DVPK,おでこのシワ、ほうれい線、目元のシワ改善 シワ取りクリーム シルクワン 28g ,1347,0.253,1,クーパン2
196,B09L4PY6CW,ラディウス radius ディープマウントイヤーピース : 高いフィット感 重低,1346,0.46,1,クーパン1
197,B09VXH2XTX,ブリーズライト スタンダード レギュラー 30枚 3個パック+サンプル(2枚入×,1337,0.265,1,クーパン2
198,B0CTTNJ39T,デミ フローディア ST スリークモイスト 4 レフィル 450g,1330,0.221,1,クーパン2
199,B07QPZ7896,純正パーツ 18 ソアレ BB C2000SSPG ハンドル組 パートNo 13,1319,0.336,1,クーパン1
200,B00JL4INW8,K&F Concept 67mm 可変NDフィルター ND2-ND400レンズフ,1307,0.247,1,クーパン1
201,B01CODB95U,貝印 KAI 包丁 ペティナイフ 120mm 木蓮 日本製 AE5160,1303,0.233,1,クーパン2
202,B0BXDGFPGY,【医療メーカーが作るサポーターブランド】メディエイド フィット感と通気性の高いひ,1297,0.325,1,クーパン1
203,B0DRKWHGGG,集音器 しゅうおんき 高齢者 耳掛け集音器音声拡聴器 充電式 両耳兼用 3種類モ,1294,0.301,1,クーパン1
204,B07KDLNCNF,ブリタ 携帯型浄水器 fill&go Active ピンク BJ-GAPIZ,1294,0.447,1,クーパン1
205,B0D7VNLDQJ,富士フイルム(FUJIFILM) ”チェキ” instax WIDE 400 カ,1288,0.262,1,クーパン1
206,B0CTH13QN8,K&F Concept DJI OSMO Pocket 3用磁気式フィルター 広,1274,0.246,1,クーパン1
207,B01COY7H9Q,ZOOM ズーム PCH-6 H6essential用プロテクティブケース H6,1271,0.239,1,クーパン1
208,B09ZB66YGS,アクラス Switch/PS5/PS4用 ワイヤレスマイクPRO,1265,0.301,1,クーパン1
209,4636114558,ゲーム感覚で学べる～ はじめての聴音【使用ガイド】【CD2枚付】,1257,0.332,1,クーパン1
210,B004KVIZFM,ソニー(SONY) コンデンサーマイク モノラル/電話録音用 ECM-TL3 黒,1256,0.413,1,クーパン1
211,B07TDLS4S6,HGUC 1/144 MSM-08 ゾゴック (ユニコーンVer.)(機動戦士ガ,1249,0.239,1,クーパン1
212,B08FG87J4N,watona ラミネート ペンケース がま口 Alice (ピンク),1248,0.301,1,クーパン1
213,B0CC86M9J3,キャラクタッチ!-五等分の花嫁‐,1242,0.266,1,クーパン1
214,B000AS9LYS,PRO Supporter(プロサポーター) 膝 サポーター ラップタイプ 左右,1234,0.237,1,クーパン1
215,B08DVG21PB,ペンタックス PENTAX スマートフォンアダプター V-SA1 単眼鏡 VM ,1233,0.224,1,クーパン1
216,B0CG38CG3K,JJC レンズキャップ Canon PowerShot V10 PSV10 専用,1232,0.344,1,クーパン1
217,B09BDVPQ1K,RLSOCO 収納ケース ソニー デジタルカメラ Cyber-shot Sony,1232,0.435,1,クーパン1
218,B0CBP781LG,クリンスイ 浄水器 ポット型 カートリッジ計1個入り [本体CP503-GR]ろ,1224,0.306,1,クーパン2
219,B0BPZ3GJBC,MTG マジック：ザ・ギャザリング 機械兵団の進軍 決戦の後にコレクター・ブース,1196,0.358,1,クーパン1
220,B0060P7K3E,クリンスイ 浄水器 ポット型 交換用カートリッジ 3個入り CPC5Z,1193,0.23,1,クーパン2
221,B09JLNFY8H,Geekria 60% コンパクトキーボードケース、61 キーコンピュータメカニ,1192,0.309,1,クーパン1
222,B09JC1RNGY,メデラ 搾乳機 電動 スイング・マキシ 交換用パーツ チューブ 母乳育児をやさし,1136,0.309,1,クーパン2
223,B01FR8W2IC,INPON 汎用 L型クイックリリースプレート L型ブラケット アルカスイス互換,1132,0.388,1,クーパン1
224,B0D5QKJ9WS,[ 強化ガラス素材 ] TALONGAMES マウスソール マウスフィート Ra,1123,0.267,1,クーパン2
225,B0936ZF6XR,カミオジャパン ペンケース パコトレー クリアパープル 202096,1117,0.404,1,クーパン1
226,B0D1K9JC68,【歯科協会推薦】Oclean W10 ウォーターフロッサー 口腔洗浄機 ジェット,1068,0.276,1,クーパン2
227,B0CZM574VD,nanoblock カワダ(Kawada) ナノブロック ダイナソーDX モササ,1068,0.253,1,クーパン2
228,B07S3T9XPD,マークス ペンケース S2 クリザンテーム･ホワイト ポール&ジョー ラ･パペト,1035,0.29,1,クーパン1
229,B000FUTQMI,BRIO (ブリオ) WORLD フィギュア付ターンテーブル (電車 おもちゃ ,1023,0.268,1,クーパン2
230,B07593RHZ7,スター・ウォーズ/最後のジェダイ ファースト・オーダー ストームトルーパー・エク,1004,0.248,1,クーパン2
231,B07VD6FWPM,リヒトラブ コーデュラ ガジェット ツールポーチ ダブル ペンポーチ ブラック ,1003,0.272,1,クーパン2
232,B0BS3KPFCY,Schick(シック) ハイドロ5プレミアム 敏感肌 コンボパック(ホルダー(刃,976,0.274,1,クーパン2
233,B0D2R7LZ7N,ニューモ ファーマフーズ 30ml お試しサイズ 3年連続世界一の育毛剤 シリア,951,0.215,1,クーパン2
234,B0D9PY9762,[バンダイ] 仮面ライダーガヴ DXザクザクチップスラッシャー,944,0.264,1,クーパン2
235,B0BRZY8JPM,Ulanzi LEDビデオライト 撮影用ライト Type-C充電式 2000mA,910,0.253,1,クーパン1
236,B084K4KVSS,ピップエレキバン 足裏バンド 130ミリテスラ 2個入り 磁気治療器 足コリ 足,899,0.244,1,クーパン2
237,B0BXRXNWGF,HARIO ガラスの手仕事保存びん 1000mL GHB-1000,845,0.235,1,クーパン2
