日付	年齢・時代	種別	タイトル/フォト#	中身（具体）	当時考えていたこと	成果・結果	成否	次に活きた連鎖	営業・発信での使い所	効いた回数	出典リンク	タグ・人物	発信化提案(どうまとめるか)	所要時間
2026-05-14	33歳・KHD経営(クロード期)	出来事・成果	クロードコード本格稼働開始	医療コンサル(つちはし整形外科)の診療圏報告書を材料にYouTube台本2本を1日で作成。同日から秘書室notesへの日次記録運用も開始	一人社長でも本部横断の実務をAIに任せきれるか、医療コンサル案件で試す起点にした	AI活用の実務移管が軌道に乗り始めた	✅成功	この後、査定・議事録・スライド量産・自動化スクリプトへ横展開していく起点になった	『クロード契約からの時短』実績の起点として発信可能	0	KHD_クロード活用_時短年表_20260715.md	クロード・AI医療コンサル	『AIを本部長として使い倒す一人社長』の実例シリーズ第1回	3.0h
2026-05-23	33歳・KHD経営(クロード期)	出来事・成果	受信箱PDF自動振分パイプライン(GAS3本)実装	01_ingest_pdf/02_route_and_rename/03_create_tasksの3本を設計・実装。同日「利益直結モード」全社方針も策定	内務は極力AI任せにし、営業比率60%以上を死守する体制を仕組み化したかった	書類の受信〜振分〜タスク化が自動化された	✅成功	以降の顧客マスター・業者DB自動メンテのベースになった	『AIで内務をゼロにする仕組み化』の事例として発信可能	0	KHD_クロード活用_時短年表_20260715.md	クロード・秘書室オペ	一人社長のバックオフィス自動化ビフォーアフター	6.0h
2026-05-27	33歳・KHD経営(クロード期)	出来事・成果	経営方針転換：不動産→医療テナント承継コンサルへ重心シフト	福井ヒアリング整理・TAW打合せ準備・追客outreach一式をAIと同日で作成し、事業の主軸を医療テナント承継コンサルへ転換する経営決定を下した	目利きと営業力が勝敗を分ける保険診療ビジネスに、叔父の代からの医療テナント知見を重ねられると判断	AI医療コンサルという事業軸が明確になった	✅成功	この決定が京橋クリニック案件・AI医療コンサル全体メニューへ直結	『なぜ不動産屋が医療コンサルに転換したか』の経営ストーリー	0	KHD_クロード活用_時短年表_20260715.md	クロード・AI医療コンサル・経営決定	創業ストーリー／事業転換の意思決定回として発信	6.0h
2026-06-02	33歳・KHD経営(クロード期)	出来事・成果	統合ダッシュボードv1構築＋277高松2丁目 大型査定を1日で処理	`build_tougou_dashboard.py`構築と、保証協会15年/30年比較・転売シミュレーション3パターンを含む6タブ査定書を同日中に完成	物件査定のような重い実務も、AIとなら1日で複数本仕上げられると実感	査定書2本相当＋ダッシュボードを1日で産出	✅成功	以降の査定業務の標準テンプレになった	『査定書が1日で複数本』の実例として営業資料に転用可能	0	KHD_クロード活用_時短年表_20260715.md	クロード・物件調達	通常数週間かかる査定を1日で回した実例として発信	8.0h
2026-06-05	33歳・KHD経営(クロード期)	出来事・成果	記帳エンジンPhase0/1実装(khd_kicho_engine一式)	MF記帳ズレ検証から自動記帳エンジンの設計・実装まで2日間で到達	記帳のような単調作業こそAIに完全移管すべきと判断	自動記帳エンジンの土台が完成	✅成功	個人EC・法人双方の記帳自動化へ発展	『税理士業務レベルの自動化』事例として医療コンサルの補助金・記帳支援メニューにも接続可能	0	KHD_クロード活用_時短年表_20260715.md	クロード・財務	バックオフィス完全自動化の実装ログ	4.0h
2026-06-18〜19	33歳・KHD経営(クロード期)	出来事・成果	顧客マスター・業者DB 全面再構築	顧客マスターFULL/H045-H118等の複数TSV統合、業者DB復元・統合、名刺DB(110,215字)を2日で再構築	散らばったデータ基盤を一本化しないと、AI運用の精度自体が落つと判断	データ基盤(SSoT)が一本化された	✅成功	以降の毎朝の顧客マスター自動メンテ運用の土台になった	『データがぐちゃぐちゃな一人社長がAIで秩序を取り戻した』事例	0	KHD_クロード活用_時短年表_20260715.md	クロード・秘書室オペ	データ基盤再構築のビフォーアフター	11.0h
2026-06-22	33歳・KHD経営(クロード期)	出来事・成果	京橋クリニック公式LINEハーネス一式を1日で構築	山崎先生への議事録に加え、提案スライド4枚・リッチメニュー画像・動くHTMLデモ4本(FAQ/Web問診/予約/リマインド)・開設キットを同日中に完成させ提案	『提案書で終わらせず、動く実物を0円で見せる』のAI医療コンサルの型を実案件で初めて完遂	京橋クリニックで公式LINEが本番稼働。AI医療コンサルの最重要実績になった	✅成功	`ai_iryo_consul_template.pptx`のソリューションメニュー・料金モデルの原型になった	AI医療コンサルの営業資料の中核実績（最重要発信ネタ）	0	KHD_クロード活用_時短年表_20260715.md／KHD_AI医療コンサル_全体メニュー_内部整理_20260715.md	クロード・AI医療コンサル・京橋	『提案の翌日には動くLINEが完成していた』を売りの核にする	10.0h
2026-06-26〜28	33歳・KHD経営(クロード期)	出来事・成果	マニュアル群15本超を集中生成(python-pptx量産)	KHD操縦マニュアル/経営ルーティン運用ガイド/AI仕事環境整備マニュアル等、社内運用マニュアルを3日間で15本超自動生成	マルチMac運用の複雑化に伴い、属人化していた運用知識を全部ドキュメント化する必要があった	全社運用マニュアルが体系化された	✅成功	新Mac onboardingの`KHD_設定をそろえる.command`に発展	『マニュアル15本を3日で内製』は業務の型化ノウハウとして発信可能	0	KHD_クロード活用_時短年表_20260715.md	クロード・秘書室オペ・インフラ	一人社長のドキュメント経営の実例	25.0h
2026-07-03	33歳・KHD経営(クロード期)	出来事・成果	Drive金庫消失→GitHubへ恒久移行	Google Drive上のgit金庫が丸ごと消失する事故が発生。その日のうちにGitHub非公開リポへ全履歴移行し、記録漏れ17件・秘書メモ88件を復旧	クラウド同期依存のリスクを痛感し、より頑健な基盤へ即座に切り替える判断をした	データ損失ゼロで恒久的なインフラに移行完了	✅成功	以降のマルチMac運用・本セッションのようなクラウド実行環境の土台になった	『事故当日にインフラを刷新した』危機対応力の事例	0	KHD_クロード活用_時短年表_20260715.md	クロード・秘書室オペ・インフラ	障害対応スピードの実例として発信	6.0h
2026-07-13	33歳・KHD経営(クロード期)	出来事・成果	「9原則：AI主導オペレーティングシステム」正式採用	打席エンジン(北極星＝営業比率60%維持)の完成形として、菊池さんの時間を打席(ヒアリング・クロージング・現地対応・最終意思決定)だけに絞り込む運用9原則を正式運用開始	ルーティン作業は完全にAI代行へ、菊池は打席行動だけに集中する体制を制度化したかった	AI主導の業務OSとして明文化・運用開始	✅成功	本年表・時短表もこの原則の一部（記録の自動化）として位置づけられる	『一人社長のAI経営OS』を体系立てて発信できる素材	0	.company/CLAUDE.md	クロード・経営システム	『一人社長のAI経営OS 9原則』を発信コンテンツ化	3.0h
2026-07-15	33歳・KHD経営(クロード期)	出来事・成果	AI医療コンサル全体メニュー＋時短年表を新規作成	クロード契約(2026-05-14)以降の秘書室notes・日報ログ・成果物を突合し、時短年表とAI医療コンサルの全体メニューを整理	他社向けにも使えるAI医療コンサルの全体像を、まず自分が一覧で把握する必要があった	内部整理資料2本が完成し、本タブへの統合に着手	✅成功	今後この年表に新しい成果を都度追記していく運用にする	『時短を数字で語れるAI医療コンサル』の裏付け資料	0	KHD_クロード活用_時短年表_20260715.md／KHD_AI医療コンサル_全体メニュー_内部整理_20260715.md	クロード・AI医療コンサル	時短実績を数字で見せる営業資料の土台	2.0h
2026-05-14〜2026-07-15	33歳・KHD経営(クロード期)	集計	クロード活用 約9週間の合計	上記含む全成果を集計した『KHD_クロード活用_時短年表』の総計。医療コンサル/京橋関連 約60h・データ基盤整備 約35h・物件査定/決済関連 約45h・インフラ/自動化基盤 約41h	AIをどれだけ使えているか、感覚でなく数字で把握したかった	合計 約183時間分の作業をクロードが肩代わり(週平均約20時間相当)	✅成功	週次でこの集計値を更新し、投資対効果(ROI)の可視化に使う	『クロード契約で週20時間の時短』を数字で語れる決め台詞	0	KHD_クロード活用_時短年表_20260715.md	クロード・ROI	『週20時間、AIに仕事を任せている』を数字で見せる一枚	183.0h
