取引No,取引日,借方勘定科目,借方補助科目,借方部門,借方取引先,借方税区分,借方インボイス,借方金額(円),貸方勘定科目,貸方補助科目,貸方部門,貸方取引先,貸方税区分,貸方インボイス,貸方金額(円),摘要,タグ,メモ
,2025/07/28,仕入高,クーパン2,,,課仕 10%（経過措置80%）,無,15980,獲得ポイント残高,,,,対象外,,15980,Anker Soundcore Sleep A20 （ワイヤレスイヤホン Blu,,注文249-5305019-3988612/ASINB0CRVJNXRD/
,2025/07/27,仕入高,クーパン2,,,課仕 10%,有,15272,獲得ポイント残高,,,,対象外,,15272,ダイワ(DAIWA) エギング専用リール 24エメラルダス X LT2500-X,,注文249-7619437-5270257/ASINB0D4QHQC4F/T3040001028447
,2025/07/27,仕入高,クーパン2,,,課仕 10%,有,6110,獲得ポイント残高,,,,対象外,,6110,ソニー(SONY) ポータブルスピーカー SRS-XB13 BC ブラック 20,,注文249-5864656-3784619/ASINB0936D3NVM/T3020003020610
,2025/07/25,仕入高,クーパン2,,,課仕 10%,有,3880,獲得ポイント残高,,,,対象外,,3880,通販エレキバンＭＡＸ２００ ２４粒入 × 3個セット,,注文249-9732450-3026262/ASINB0717BJPPW/T4122001031405
,2025/07/24,仕入高,クーパン2,,,課仕 10%,有,3865,獲得ポイント残高,,,,対象外,,3865,コクヨ(KOKUYO) テープのり のり ドットライナー 詰め替え 強粘着 15,,注文249-5860402-8623051/ASINB00W3FMKDA/T3040001028447
,2025/07/23,仕入高,クーパン2,,,課仕 10%,有,15840,獲得ポイント残高,,,,対象外,,15840,Kensington ケンジントン Slimblade Pro ワイヤレストラッ,,注文249-8684002-6039014/ASINB0BN8224SY/T3040001028447
,2025/07/22,仕入高,クーパン2,,,課仕 10%,有,3250,獲得ポイント残高,,,,対象外,,3250,HARIO ガラスの手仕事保存びん 1000mL GHB-1000,,注文249-5407432-5955019/ASINB0BXRXNWGF/T7430001086831
,2025/07/21,仕入高,クーパン2,,,課仕 10%,有,6411,獲得ポイント残高,,,,対象外,,6411,クリンスイ 浄水器 蛇口直結型 CSPシリーズ 交換カートリッジ HGC9SZ,,注文249-9336489-3387003/ASINB0088GWV7I/T3240002049190
,2025/07/17,仕入高,クーパン2,,,課仕 10%,有,6913,獲得ポイント残高,,,,対象外,,6913,ミューノアージュ Wアプローチヘアプログラム [医薬部外品 薬用育毛剤60mL ,,注文249-4147416-2166233/ASINB07VSPNPN8/T8010401094418
,2025/07/17,仕入高,クーパン2,,,課仕 10%,有,3880,獲得ポイント残高,,,,対象外,,3880,通販エレキバンＭＡＸ２００ ２４粒入 × 3個セット,,注文249-7409300-1273445/ASINB0717BJPPW/T4122001031405
,2025/07/15,仕入高,クーパン2,,,課仕 10%（経過措置80%）,無,3042,獲得ポイント残高,,,,対象外,,3042,TELESIN GoProと互換用 ダブルクランプ マウント ダブルハサミマウン,,注文249-2239605-3031869/ASINB0CKX79JNT/
,2025/07/15,仕入高,クーパン2,,,課仕 10%,有,3666,獲得ポイント残高,,,,対象外,,3666,スーパー戦隊シリーズ 海賊戦隊ゴーカイジャー VOL.3 [Blu-ray],,注文249-4318978-2147864/ASINB004ZHYEGU/T3040001028447
,2025/07/15,仕入高,クーパン2,,,課仕 10%,有,3980,獲得ポイント残高,,,,対象外,,3980,おでこのシワ、ほうれい線、目元のシワ改善 シワ取りクリーム シルクワン 28g ,,注文249-7683296-8811043/ASINB0CTX5DVPK/T1010401084375
,2025/07/12,仕入高,クーパン2,,,課仕 10%（経過措置80%）,無,6980,獲得ポイント残高,,,,対象外,,6980,スター・ウォーズ ハン・ソロ ストームトルーパーVer. 1/12スケール プラ,,注文249-0977220-8618241/ASINB079DK55GJ/
,2025/07/11,仕入高,クーパン2,,,課仕 10%,有,9909,獲得ポイント残高,,,,対象外,,9909,SANWA(三和電気計器) デジタルテスター CD732,,注文249-3289568-5583051/ASINB00KXNAEKU/T3040001028447
,2025/07/11,仕入高,クーパン2,,,課仕 10%,有,18400,獲得ポイント残高,,,,対象外,,18400,Noble Audio FALCON MAX NOB-FALCONMAX-B 【,,注文249-5210360-0988663/ASINB09NN9BX7V/T6810606709384
,2025/07/11,仕入高,クーパン2,,,課仕 10%,有,200000,獲得ポイント残高,,,,対象外,,200000,Amazonギフトカード チャージタイプ,,注文249-8534719-9346227/ASINB0CK1B1L9L/T8013201019065
,2025/07/10,仕入高,クーパン2,,,課仕 10%,有,7800,獲得ポイント残高,,,,対象外,,7800,30MF ローザンナイト 色分け済みプラモデル,,注文249-3570247-0153455/ASINB0CYGQRDKC/T1810234118946
,2025/07/10,仕入高,クーパン2,,,課仕 10%,有,7800,獲得ポイント残高,,,,対象外,,7800,30MF ローザンナイト 色分け済みプラモデル,,注文249-3570247-0153455/ASINB0CYGQRDKC/T6810742747264
,2025/07/09,仕入高,クーパン2,,,課仕 10%,有,3007,獲得ポイント残高,,,,対象外,,3007,Medela(メデラ) カーム 授乳システム | メデラの母乳ボトル用授乳用乳首,,注文249-6491974-3171036/ASINB00FB5VZQM/T3040001028447
,2025/07/08,仕入高,クーパン2,,,課仕 10%（経過措置80%）,無,12000,獲得ポイント残高,,,,対象外,,12000,Kiboer 超音波 トリートメントアイロン 髪質改善 浸透促進 ヘアダメージ補,,注文249-7013764-6905452/ASINB0CCRWX9GL/
,2025/07/08,仕入高,クーパン2,,,課仕 10%（経過措置80%）,無,10300,獲得ポイント残高,,,,対象外,,10300,Kiboer 超音波トリートメント アイロン トリートメントアイロン ツヤ髪 髪,,注文249-4989963-8951028/ASINB0BM9P4Q1C/
,2025/07/07,仕入高,クーパン2,,,課仕 10%,有,7660,獲得ポイント残高,,,,対象外,,7660,［ タヴァティー公式 ］ホワイトニング 歯磨き粉【 歯を白くする 歯磨きジェル ,,注文249-3770779-0522208/ASINB0CQ7ZS96D/T3011101091115
,2025/07/04,仕入高,クーパン2,,,課仕 10%,有,18700,獲得ポイント残高,,,,対象外,,18700,[カシオ] 腕時計 ジーショック 【国内正規品】アンドレス・イニエスタ選手シグネ,,注文249-1929945-6761440/ASINB0D25HT7BR/T3040001028447
,2025/07/04,仕入高,クーパン2,,,課仕 10%,有,4073,獲得ポイント残高,,,,対象外,,4073,30MF ローザンナイト 色分け済みプラモデル,,注文249-2575174-9030200/ASINB0CYGQRDKC/T6810436039894
,2025/07/03,仕入高,クーパン2,,,課仕 10%,有,4980,獲得ポイント残高,,,,対象外,,4980,オールインワンEAA BCAA クレアチン グルタミン クエン酸 HMB アンビ,,注文249-5239031-9203013/ASINB0BGP4XVGY/T8010401186413
,2025/07/02,仕入高,クーパン2,,,課仕 10%,有,19500,獲得ポイント残高,,,,対象外,,19500,[バンダイ] DXタランチュラアビス,,注文249-3394561-9170255/ASINB0CH2PFM3Z/T1810445003763
,2025/07/02,仕入高,クーパン2,,,課仕 10%,有,11030,獲得ポイント残高,,,,対象外,,11030,PYKES PEAK (パイクスピーク) キャディバッグ 軽量 ゴルフバッグ ゴ,,注文249-5718847-8000645/ASINB08C2D54CC/T6290003005961
,2025/07/02,仕入高,クーパン2,,,課仕 10%,有,32393,獲得ポイント残高,,,,対象外,,32393,ダイワ(DAIWA) ベイトリール ジリオン SV TW 1000XHL 左ハン,,注文249-6938126-2706258/ASINB08NP8RFWZ/T3040001028447
,2025/07/01,仕入高,クーパン2,,,課仕 10%（経過措置80%）,無,2992,獲得ポイント残高,,,,対象外,,2992,TELESIN GoProと互換用 ダブルクランプ マウント ダブルハサミマウン,,注文249-5141078-4279843/ASINB0CKX79JNT/
,2025/06/29,仕入高,クーパン2,,,課仕 10%,有,16940,獲得ポイント残高,,,,対象外,,16940,ダイワ(DAIWA) エギング専用リール 24エメラルダス X LT2500-X,,注文249-2246478-5461448/ASINB0D4QHQC4F/T5012801001749
,2025/06/29,仕入高,クーパン2,,,課仕 10%,有,39600,獲得ポイント残高,,,,対象外,,39600,CARE PRO DEEP ケアプロディープ 超音波トリートメント アイロン コ,,注文249-5610792-8983827/ASINB0BLYS3RB4/T5010901036434
,2025/06/29,仕入高,クーパン2,,,課仕 10%,有,200000,獲得ポイント残高,,,,対象外,,200000,Amazonギフトカード チャージタイプ,,注文249-4120432-3130226/ASINB0CK1B1L9L/T8013201019065
,2025/06/29,仕入高,クーパン2,,,課仕 10%,有,27273,獲得ポイント残高,,,,対象外,,27273,[TIMEX(タイメックス)] タイメックス 腕時計 メンズ マーリンジェット ,,注文249-1792187-7743808/ASINB0D6MV32DD/T3040001028447
,2025/06/20,仕入高,クーパン2,,,課仕 10%,有,5700,獲得ポイント残高,,,,対象外,,5700,[TRNR] トレイナー アブマット AB MAT 腹筋マット 体幹トレーニング,,注文249-6786855-1380660/ASINB0DJNVW16W/T3011001071522
,2025/06/20,仕入高,クーパン2,,,課仕 10%,有,48000,獲得ポイント残高,,,,対象外,,48000,Magewell Ultra Stream HDMI,,注文249-0697746-8283030/ASINB07CVJHK3M/T6011201012819
,2025/06/18,仕入高,クーパン2,,,課仕 10%,有,2608,獲得ポイント残高,,,,対象外,,2608,東京マルイ No.169 CQ-FLASH ブラック,,注文249-8484213-7863867/ASINB0040GKBYU/T3040001028447
,2025/06/17,仕入高,クーパン2,,,課仕 10%,有,12800,獲得ポイント残高,,,,対象外,,12800,Razer Viper 8K Hz ゲーミングマウス 8倍以上の高速性 8000,,注文249-1427730-3106250/ASINB08VMNVTQT/T5810085843671
,2025/06/14,仕入高,クーパン2,,,課仕 10%,有,7079,獲得ポイント残高,,,,対象外,,7079,ブラック・ウィドウ 4K UHD MovieNEX [4K ULTRA HD+3,,注文249-8023014-6094241/ASINB09C22ZV9B/T3040001028447
,2025/06/13,仕入高,クーパン2,,,課仕 10%（経過措置80%）,無,10198,獲得ポイント残高,,,,対象外,,10198,WiMiUS プロジェクター小型 モバイルプロジェクター 20000LM - 【,,注文249-3427364-8864663/ASINB0B812CTDF/
,2025/06/11,仕入高,クーパン2,,,課仕 10%,有,4877,獲得ポイント残高,,,,対象外,,4877,シャープ(SHARP)【純正品】 シャープ 加湿空気清浄機用 集じんフィルター ,,注文249-0849743-6547014/ASINB00FFY9PC0/T8120001060544
,2025/06/10,仕入高,クーパン2,,,課仕 10%,有,6300,獲得ポイント残高,,,,対象外,,6300,ソニー(SONY) ポータブルスピーカー SRS-XB13 BC ブラック 20,,注文249-9372299-1479845/ASINB0936D3NVM/T5810241682988
,2025/06/10,仕入高,クーパン2,,,課仕 10%,有,19000,獲得ポイント残高,,,,対象外,,19000,OLYMPUS 望遠ズームレンズ M.ZUIKO DIGITAL ED 40-1,,注文249-1225741-3518230/ASINB0058G40G6/T3500001022989
,2025/06/06,仕入高,クーパン2,,,課仕 10%,有,5940,獲得ポイント残高,,,,対象外,,5940,NMN サプリメント 30000mg (1粒に333mg)+PQQ+プラセンタ ,,注文249-4210073-8887849/ASINB0DK78RQX8/T5010602031214
,2025/06/05,仕入高,クーパン2,,,課仕 10%（経過措置80%）,無,5350,獲得ポイント残高,,,,対象外,,5350,タカラトミー プラレール 連結! E8系つばさ ＆ トミカアーチ踏切セット (初,,注文249-9071679-9593444/ASINB0CTBV5N3S/
,2025/06/05,仕入高,クーパン2,,,課仕 10%,有,18900,獲得ポイント残高,,,,対象外,,18900,SONY 有線 密閉型スタジオモニターヘッドホン 黒 MDR-CD900ST,,注文249-2097600-3510227/ASINB000UPEJCU/T5810755908028
,2025/06/02,仕入高,クーパン2,,,課仕 10%,有,33000,獲得ポイント残高,,,,対象外,,33000,Roland ローランド CY-14R-T Vシンバルパッド ライド 14インチ,,注文249-3480508-3747817/ASINB0BP2QR64V/T3120002020691
,2025/05/29,仕入高,クーパン2,,,課仕 10%,有,4000,獲得ポイント残高,,,,対象外,,4000,BANDAI SDガンダム BB戦士 ガンダムベース限定 ユニコーンガンダム ペ,,注文249-8749087-2159044/ASINB08264KT34/T1810702860079
,2025/05/28,仕入高,クーパン2,,,課仕 10%,有,2795,獲得ポイント残高,,,,対象外,,2795,BRIO (ブリオ) WORLD フィギュア付ターンテーブル (電車 おもちゃ ,,注文249-0840199-9031801/ASINB000FUTQMI/T3040001028447
,2025/05/28,仕入高,クーパン2,,,課仕 10%,有,200000,獲得ポイント残高,,,,対象外,,200000,Amazonギフトカード チャージタイプ,,注文249-3243330-0887864/ASINB0CK1B1L9L/T8013201019065
,2025/05/25,仕入高,クーパン2,,,課仕 10%,有,3969,獲得ポイント残高,,,,対象外,,3969,通販エレキバンＭＡＸ２００ ２４粒入 × 3個セット,,注文249-1852857-9979836/ASINB0717BJPPW/T5180301023660
,2025/05/21,仕入高,クーパン2,,,課仕 10%,有,3927,獲得ポイント残高,,,,対象外,,3927,【指定医薬部外品】新ビオフェルミンSプラス錠 550錠 61日分 大正製薬 整腸,,注文249-7692721-8985401/ASINB085216N2Z/T3040001028447
,2025/05/20,仕入高,クーパン2,,,課仕 10%,有,118800,獲得ポイント残高,,,,対象外,,118800,[カシオ] 腕時計 ジーショック【国内正規品】GWG-B1000-1A4JFメン,,注文249-6290124-7555812/ASINB0CJJ76FFR/T3040001028447
,2025/05/20,仕入高,クーパン2,,,課仕 10%,有,3220,獲得ポイント残高,,,,対象外,,3220,アスタリフト Ｄ-ＵＶクリア アクアデイセラム (30g SPF50+・PA++,,注文249-1954415-9098246/ASINB0851BWVLT/T4010601058275
,2025/05/19,仕入高,クーパン2,,,課仕 10%,有,3958,獲得ポイント残高,,,,対象外,,3958,【指定医薬部外品】新ビオフェルミンSプラス錠 550錠 61日分 大正製薬 整腸,,注文249-7516745-3432603/ASINB085216N2Z/T3040001028447
,2025/05/19,仕入高,クーパン2,,,課仕 10%（経過措置80%）,無,7000,獲得ポイント残高,,,,対象外,,7000,Razer Viper 8K Hz ゲーミングマウス 8倍以上の高速性 8000,,注文249-9078907-4395866/ASINB08VMNVTQT/
,2025/05/19,仕入高,クーパン2,,,課仕 10%（経過措置80%）,無,12300,獲得ポイント残高,,,,対象外,,12300,デノン Denon AHC830NCW ノイズキャンセル機能対応 完全ワイヤレス,,注文249-7468973-7035862/ASINB09G66CW1B/
,2025/05/19,仕入高,クーパン2,,,課仕 10%,有,21012,獲得ポイント残高,,,,対象外,,21012,シマノ(SHIMANO) ベイトリール 23 SLX DC 71XG ルアーキャ,,注文249-6601776-3242245/ASINB0BV23KQ5B/T3040001028447
,2025/05/19,仕入高,クーパン2,,,課仕 10%,有,3958,獲得ポイント残高,,,,対象外,,3958,【指定医薬部外品】新ビオフェルミンSプラス錠 550錠 61日分 大正製薬 整腸,,注文249-9199448-8652639/ASINB085216N2Z/T3040001028447
,2025/05/16,仕入高,クーパン2,,,課仕 10%,有,3632,獲得ポイント残高,,,,対象外,,3632,共立電気計器 (KYORITSU) 低圧用検電器(AC20V~1000V) KE,,注文249-1469163-2849462/ASINB07ND42J1V/T3040001028447
,2025/05/16,仕入高,クーパン2,,,課仕 10%（経過措置80%）,無,6593,獲得ポイント残高,,,,対象外,,6593,ソニー(SONY) ポータブルスピーカー SRS-XB13 BC ブラック 20,,注文249-7275443-4319055/ASINB0936D3NVM/
,2025/05/15,仕入高,クーパン2,,,課仕 10%,有,6580,獲得ポイント残高,,,,対象外,,6580,ソニー(SONY) ポータブルスピーカー SRS-XB13 BC ブラック 20,,注文249-2663007-3575855/ASINB0936D3NVM/T6180001154887
,2025/05/15,仕入高,クーパン2,,,課仕 10%,有,19560,獲得ポイント残高,,,,対象外,,19560,[Citizen] 腕時計 レグノ KS3-115-51 メンズ シルバー,,注文249-2431335-1664609/ASINB0BR4QM9H6/T3040001028447
,2025/05/13,仕入高,クーパン2,,,課仕 10%,有,43890,獲得ポイント残高,,,,対象外,,43890,[セイコーウオッチ] 腕時計 セイコーセレクション チタンソーラー電波 ホワイト,,注文249-7973667-6423855/ASINB06X6KD53W/T3040001028447
,2025/05/12,仕入高,クーパン2,,,課仕 10%,有,20769,獲得ポイント残高,,,,対象外,,20769,シマノ(SHIMANO) ベイトリール 23 SLX DC 71XG ルアーキャ,,注文249-5557308-1707023/ASINB0BV23KQ5B/T3040001028447
,2025/05/11,仕入高,クーパン2,,,課仕 10%,有,32980,獲得ポイント残高,,,,対象外,,32980,Canon コンパクトデジタルカメラ PowerShot ZOOM Black ,,注文249-0876829-6827038/ASINB09NDF5BN7/T5810677151599
,2025/05/11,仕入高,クーパン2,,,課仕 10%,有,6900,獲得ポイント残高,,,,対象外,,6900,ドクターズナチュラルレシピ ボタニカルライフプロテイン ソイプロテイン きなこ味,,注文249-3399005-3017422/ASINB0BH85KHW5/T4010001097915
,2025/05/10,仕入高,クーパン2,,,課仕 10%,有,38412,獲得ポイント残高,,,,対象外,,38412,Numark DJコントローラー 4デッキ タッチセンサー搭載ジョグホイール S,,注文249-4682588-0929411/ASINB087S1ZNNT/T3040001028447
,2025/05/08,仕入高,クーパン2,,,課仕 10%（経過措置80%）,無,2999,獲得ポイント残高,,,,対象外,,2999,RLSOCO ジレット 髭剃りケース 収納ケース ジレット Gillette L,,注文249-2086823-4749419/ASINB09NM8QG94/
,2025/05/08,仕入高,クーパン2,,,課仕 10%,有,62500,獲得ポイント残高,,,,対象外,,62500,3Dconnexion CAD マウス 3DX-700135 SpaceMous,,注文249-1338240-6175825/ASINB0D41FFZDG/T4120001123552
,2025/05/08,仕入高,クーパン2,,,課仕 10%（経過措置80%）,無,4779,獲得ポイント残高,,,,対象外,,4779,コンクリートマイク 高感度 壁集音器 集音マイク イヤホン付き 水漏れ検知 機械,,注文249-6520453-4401402/ASINB0CNK1V2K7/
,2025/05/07,仕入高,クーパン2,,,課仕 10%,有,10498,獲得ポイント残高,,,,対象外,,10498,Xbox ワイヤレス コントローラー (ルナ シフト),,注文249-2439695-2259859/ASINB0BGSFJGXP/T7011501017681
,2025/05/06,仕入高,クーパン2,,,課仕 10%,有,7800,獲得ポイント残高,,,,対象外,,7800,エレコム リフレッシュガン 3段階強さ調整 / 軽量/コンパクト 【 楽に握れる,,注文249-6734457-7990200/ASINB0CVRNH685/T5120001094974
,2025/05/05,仕入高,クーパン2,,,課仕 10%,有,5200,獲得ポイント残高,,,,対象外,,5200,HOUQUA F-ZXLP90 集塵フィルター と F-ZXLD90 脱臭フィル,,注文249-0924542-0627819/ASINB08HYX593S/T2700150122141
,2025/05/05,仕入高,クーパン2,,,課仕 10%,有,16940,獲得ポイント残高,,,,対象外,,16940,[カシオ] 腕時計 シーン 【国内正規品】ソーラー SHS-D400M-7AJF,,注文249-1095746-4776649/ASINB08R39T5SJ/T3040001028447
,2025/05/05,仕入高,クーパン2,,,課仕 10%,有,2750,獲得ポイント残高,,,,対象外,,2750,STAGEA ピアノ&エレクトーン 中～上級 Vol.27 クリスマス名曲集 (,,注文249-5036532-0721408/ASIN4636117778/T3040001028447
,2025/05/04,仕入高,クーパン2,,,課仕 10%,有,12138,獲得ポイント残高,,,,対象外,,12138,ノースウェイスポーツ Northway Sports パークゴルフ ＰＧ－３５０,,注文249-0985687-0416666/ASINB0CMQLLL4V/T3040001028447
,2025/05/02,仕入高,クーパン2,,,課仕 10%,有,5830,獲得ポイント残高,,,,対象外,,5830,デマレ TNA 薬用 ホワイトニングクリーム 45g【医薬部外品】美白クリーム ,,注文249-6496402-8697406/ASINB0CV7G2FVN/T6010001101220
,2025/05/02,仕入高,クーパン2,,,課仕 10%,有,300000,獲得ポイント残高,,,,対象外,,300000,Amazonギフトカード チャージタイプ(残高に応じてオートチャージ),,注文503-8221556-1766237/ASINB08G1PWN9X/T8013201019065
,2025/05/02,仕入高,クーパン2,,,課仕 10%,有,3980,獲得ポイント残高,,,,対象外,,3980,シルバニアファミリー 家具 赤ちゃんシーソー カ-215,,注文249-6180068-7574221/ASINB004IX2972/T5810684364417
,2025/05/02,仕入高,クーパン2,,,課仕 10%,有,13800,獲得ポイント残高,,,,対象外,,13800,NUX ニューエックス Mighty Lite BT MKII 小型アンプ コン,,注文249-4927293-9821442/ASINB0C85R5TCZ/T3120002020691
,2025/04/24,仕入高,クーパン2,,,課仕 10%,有,14636,獲得ポイント残高,,,,対象外,,14636,Noble Audio FALCON MAX NOB-FALCONMAX-B 【,,注文249-9657176-2573467/ASINB09NN9BX7V/T3010401130879
,2025/04/21,仕入高,クーパン2,,,課仕 10%,有,3980,獲得ポイント残高,,,,対象外,,3980,マテル(MATTEL) ジュラシックワールド(JURASSIC WORLD) 新,,注文249-8106356-4094248/ASINB09QLFV81Y/T9810750126219
,2025/04/21,仕入高,クーパン2,,,課仕 10%,有,33110,獲得ポイント残高,,,,対象外,,33110,[オリエント]ORIENT Bambino バンビーノ 自動巻き腕時計 機械式 ,,注文249-7951388-3573458/ASINB0BV29ZQSJ/T3040001028447
,2025/04/18,仕入高,クーパン2,,,課仕 10%,有,6280,獲得ポイント残高,,,,対象外,,6280,ブラウン Oral-B 電動歯ブラシ用 替えブラシ PRO ホワイトニングブラシ,,注文249-1105251-5748647/ASINB0CMGVN8MF/T3170001012883
,2025/04/18,仕入高,クーパン2,,,課仕 10%,有,6667,獲得ポイント残高,,,,対象外,,6667,Schrammek(シュラメック) BBパーフェクトビューティフルイドエッセンシ,,注文249-5768161-2472616/ASINB01DFQIC0A/T3040001028447
,2025/04/18,仕入高,クーパン2,,,課仕 10%,有,31920,獲得ポイント残高,,,,対象外,,31920,FLUKE (フルーク) 真の実効値マルチメーター【国内正規品】 175,,注文249-7752280-7833414/ASINB00HIXQMFO/T3040001028447
,2025/04/16,仕入高,クーパン2,,,課仕 10%,有,17424,獲得ポイント残高,,,,対象外,,17424,DJI FPV送信機 3 カメラドローンアクセサリー Neo/Avata 2 /,,注文249-2664690-0295000/ASINB0CS6JCX2W/T3040001028447
,2025/04/16,仕入高,クーパン2,,,課仕 10%,有,8172,獲得ポイント残高,,,,対象外,,8172,マテル ジュラシックワールド(JURASSIC WORLD) ハモンド・コレクシ,,注文249-5986166-0805400/ASINB0CPKWX3TJ/T3040001028447
,2025/04/14,仕入高,クーパン2,,,課仕 10%,有,13860,獲得ポイント残高,,,,対象外,,13860,共立電気計器 (KYORITSU) 120A RMS AC/DCクランプ付デジタ,,注文249-9512075-4657459/ASINB079PKDXH6/T3040001028447
,2025/04/13,仕入高,クーパン2,,,課仕 10%（経過措置80%）,無,9999,獲得ポイント残高,,,,対象外,,9999,ミキモト ムーンパール バイタライジングクリーム N 30g,,注文249-0489125-4691845/ASINB003AJGM3C/
,2025/04/12,仕入高,クーパン2,,,課仕 10%（経過措置80%）,無,12744,獲得ポイント残高,,,,対象外,,12744,【太るサプリ／太るプロテイン】管理栄養士監修 ドクター・フトレマックス 1箱30,,注文249-6062805-4151026/ASINB01MS4DSTQ/
,2025/04/12,仕入高,クーパン2,,,課仕 10%（経過措置80%）,無,9999,獲得ポイント残高,,,,対象外,,9999,ミキモト ムーンパール バイタライジングクリーム N 30g,,注文249-0717844-6161422/ASINB003AJGM3C/
,2025/04/11,仕入高,クーパン2,,,課仕 10%,有,6580,獲得ポイント残高,,,,対象外,,6580,仮面ライダーエグゼイド LVUR14 仮面ライダーパラドクス,,注文249-6421712-5221433/ASINB01N0V4VZS/T2810002350499
,2025/04/11,仕入高,クーパン2,,,課仕 10%（経過措置80%）,無,21760,獲得ポイント残高,,,,対象外,,21760,ニンテンドー3DS コスモブラック【メーカー生産終了】,,注文249-8149792-7559846/ASINB00457VVS4/
,2025/04/11,仕入高,クーパン2,,,課仕 10%（経過措置80%）,無,15780,獲得ポイント残高,,,,対象外,,15780,OLYMPUS 望遠ズームレンズ M.ZUIKO DIGITAL ED 40-1,,注文249-7858381-8994211/ASINB0058G40G6/
,2025/04/10,仕入高,クーパン2,,,課仕 10%,有,34117,獲得ポイント残高,,,,対象外,,34117,CCSTOYS 鉄魄[MORTAL MIND]シリーズ 『エヴァンゲリオンANI,,注文249-2240414-5913418/ASINB0CZL24Y2J/T4250001018987
,2025/04/10,仕入高,クーパン2,,,課仕 10%,有,6401,獲得ポイント残高,,,,対象外,,6401,パナソニック ボディトリマー® ボディシェーバー VIO対応 お風呂剃り可 メン,,注文249-8009272-0319049/ASINB06XSD3N13/T3040001028447
,2025/04/09,仕入高,クーパン2,,,課仕 10%（経過措置80%）,無,10500,獲得ポイント残高,,,,対象外,,10500,MG 機動戦士ガンダムNT シナンジュ・スタイン (ナラティブ Ver.) Ve,,注文249-0269999-2837419/ASINB0CQKVXN9H/
,2025/04/08,仕入高,クーパン2,,,課仕 10%,有,20196,獲得ポイント残高,,,,対象外,,20196,イチネンTASCO デジタル温度計 本体 エアコン 空調メンテナンス用 TA41,,注文249-7370239-6786227/ASINB00FFZMO5E/T3040001028447
,2025/04/06,仕入高,クーパン2,,,課仕 10%,有,24748,獲得ポイント残高,,,,対象外,,24748,ヤマハ YAMAHA ギターアンプ THR5,,注文249-6280132-3528622/ASINB005ZLTVFY/T1290802005571
,2025/04/02,仕入高,クーパン2,,,課仕 10%,有,11210,獲得ポイント残高,,,,対象外,,11210,KYORITSU AC/DCクランプ付デジタルマルチメータ MODEL2001,,注文249-5387106-0389418/ASINB002P9C09I/T8021001071797
,2025/03/30,仕入高,クーパン2,,,課仕 10%,有,17235,獲得ポイント残高,,,,対象外,,17235,三和電気計器 SANWA アナログ絶縁抵抗計 500V/250V/125V PD,,注文249-3818162-2280645/ASINB00B4THLYE/T3040001028447
,2025/03/30,仕入高,クーパン2,,,課仕 10%,有,5480,獲得ポイント残高,,,,対象外,,5480,京商 ラジオコントロール 電動 ツーリングカー ファーストミニッツ 頭文字D ト,,注文249-6884380-4147865/ASINB07GVMNTGX/T8110001018626
,2025/03/28,仕入高,クーパン2,,,課仕 10%,有,300000,獲得ポイント残高,,,,対象外,,300000,Amazonギフトカード チャージタイプ,,注文503-0381780-7213433/ASINB08G1PWN9X/T8013201019065
,2025/03/28,仕入高,クーパン2,,,課仕 10%,有,15213,獲得ポイント残高,,,,対象外,,15213,ソニー(SONY) ワイヤレスネックバンドスピーカー SRS-NB10:ワイヤレ,,注文249-9298030-5415062/ASINB098JYDS33/T5810359839636
,2025/03/28,仕入高,クーパン2,,,課仕 10%,有,8255,獲得ポイント残高,,,,対象外,,8255,マテル ジュラシックワールド(JURASSIC WORLD) ハモンド・コレクシ,,注文249-5047738-7342226/ASINB0CPKWX3TJ/T3040001028447
,2025/03/28,仕入高,クーパン2,,,課仕 10%,有,12716,獲得ポイント残高,,,,対象外,,12716,TVCM放映中！小松菜奈さん出演【医療団体推奨】MYTREX マイトレックス R,,注文249-4629091-0614200/ASINB08Q7K25F5/T4290001079076
,2025/03/21,仕入高,クーパン2,,,課仕 10%,有,33880,獲得ポイント残高,,,,対象外,,33880,[オリエント]ORIENT Mako マコ 自動巻き腕時計 機械式 オートマティ,,注文249-3435032-5863803/ASINB09G6YKDJP/T3040001028447
,2025/03/21,仕入高,クーパン2,,,課仕 10%（経過措置80%）,無,13400,獲得ポイント残高,,,,対象外,,13400,ソニー(SONY) ヘッドホン一体型ウォークマン Wシリーズ NW-WS413 ,,注文249-4166529-4542266/ASINB01B44XQ3I/
,2025/03/20,仕入高,クーパン2,,,課仕 10%,有,13400,獲得ポイント残高,,,,対象外,,13400,ソニー(SONY) ヘッドホン一体型ウォークマン Wシリーズ NW-WS413 ,,注文249-6282802-0186240/ASINB01B44XQ3I/T6810438242686
,2025/03/20,仕入高,クーパン2,,,課仕 10%,有,12980,獲得ポイント残高,,,,対象外,,12980,Razer Viper 8K Hz ゲーミングマウス 8倍以上の高速性 8000,,注文249-7949622-1935016/ASINB08VMNVTQT/T1810354694908
,2025/03/18,仕入高,クーパン2,,,課仕 10%,有,15000,獲得ポイント残高,,,,対象外,,15000,Noble Audio FALCON MAX NOB-FALCONMAX-B 【,,注文249-9092396-3440623/ASINB09NN9BX7V/T3010401130879
,2025/03/16,仕入高,クーパン2,,,課仕 10%,有,11900,獲得ポイント残高,,,,対象外,,11900,Razer Viper 8K Hz ゲーミングマウス 8倍以上の高速性 8000,,注文249-7216937-1359868/ASINB08VMNVTQT/T2290801027871
,2025/03/16,仕入高,クーパン2,,,課仕 10%,有,12191,獲得ポイント残高,,,,対象外,,12191,ZOOM ズーム MS-200D+ マルチストンプペダル イエロー 黄色 200,,注文249-0249907-4371866/ASINB0CSLZ8TQ7/T3040001028447
,2025/03/16,仕入高,クーパン2,,,課仕 10%,有,23940,獲得ポイント残高,,,,対象外,,23940,ASUS ゲーミングヘッドセット ROG DELTA S AIノイズキャンセリン,,注文249-4740609-8545413/ASINB08QHBJ1WJ/T6810061006971
,2025/03/11,仕入高,クーパン2,,,課仕 10%,有,3880,獲得ポイント残高,,,,対象外,,3880,快盗戦隊ルパンレンジャーVS警察戦隊パトレンジャー VSビークルシリーズ 連結変,,注文249-4268016-9200665/ASINB07DFPQTZ5/T2150003002241
,2025/03/10,仕入高,クーパン2,,,課仕 10%,有,15500,獲得ポイント残高,,,,対象外,,15500,ソニー(SONY) ワイヤレスネックバンドスピーカー SRS-NB10:ワイヤレ,,注文249-1585631-0601404/ASINB098JYDS33/T2810334205916
,2025/03/09,仕入高,クーパン2,,,課仕 10%,有,12375,獲得ポイント残高,,,,対象外,,12375,メディキューブ AGE-Rスキンブースターショット 【1日5分韓国美肌エステ】 ,,注文249-6510473-7856621/ASINB0BDCRFB9T/T9180001119838
,2025/03/08,仕入高,クーパン2,,,課仕 10%,有,6382,獲得ポイント残高,,,,対象外,,6382,"ファイティングスティック mini for PlayStation®5, Pla",,注文249-2556616-3715065/ASINB0CPP72ZVG/T3040001028447
,2025/03/08,仕入高,クーパン2,,,課仕 10%,有,7000,獲得ポイント残高,,,,対象外,,7000,【正規輸入品】 CIVASAN シバサン メゾ ブレミッシュ バーム 35ml ,,注文249-6745388-6927854/ASINB0DFBF6XPL/T6010601034019
,2025/03/08,仕入高,クーパン2,,,課仕 10%,有,23731,獲得ポイント残高,,,,対象外,,23731,【アップグレード版】 Anker PowerConf S500 会議用マイクスピ,,注文249-9109810-9360653/ASINB0DLSJPRYW/T8010001151445
,2025/03/07,仕入高,クーパン2,,,課仕 10%,有,9702,獲得ポイント残高,,,,対象外,,9702,ドラゴンボール カードダス リミックス Vol.2,,注文249-0063715-3551876/ASINB0DL1R7FGH/T2810873816288
,2025/03/06,仕入高,クーパン2,,,課仕 10%,有,11000,獲得ポイント残高,,,,対象外,,11000,【医薬部外品】[ 美しさを引き出したハリ肌へ ] THE MYTOL（ザ マイト,,注文249-5439373-8628655/ASINB0BJZSZLNF/T4013301006867
,2025/03/04,仕入高,クーパン2,,,課仕 10%,有,17800,獲得ポイント残高,,,,対象外,,17800,Nikon ゴルフ用レーザー距離計 COOLSHOT 20GII LCS20G2,,注文249-3085442-2919068/ASINB07PNKZG7C/T9810672563514
,2025/03/03,仕入高,クーパン2,,,課仕 10%,有,17800,獲得ポイント残高,,,,対象外,,17800,Nikon ゴルフ用レーザー距離計 COOLSHOT 20GII LCS20G2,,注文249-2274428-2267869/ASINB07PNKZG7C/T9810672563514
,2025/03/02,仕入高,クーパン2,,,課仕 10%,有,300000,獲得ポイント残高,,,,対象外,,300000,Amazonギフトカード チャージタイプ,,注文503-2982320-9086231/ASINB08G1PWN9X/T8013201019065
,2025/03/02,仕入高,クーパン2,,,課仕 10%,有,6800,獲得ポイント残高,,,,対象外,,6800,トミカプレミアム RS ラフェラーリ,,注文249-6452953-7768656/ASINB08NY5ZVNK/T4100002013630
,2025/03/02,仕入高,クーパン2,,,課仕 10%（経過措置80%）,無,13899,獲得ポイント残高,,,,対象外,,13899,AIMZENIX AX600 Monster キーボードとマウスアダプター PS,,注文249-8463450-2407823/ASINB0D495JZPD/
,2025/03/01,仕入高,クーパン2,,,課仕 10%,有,15750,獲得ポイント残高,,,,対象外,,15750,MOONDROP × YASUNO KIYONO 夢回 - Golden Age,,注文249-5205275-5751003/ASINB0DGPW9HVN/T3700150126496
,2025/02/28,仕入高,クーパン2,,,課仕 10%,有,17800,獲得ポイント残高,,,,対象外,,17800,Nikon ゴルフ用レーザー距離計 COOLSHOT 20GII LCS20G2,,注文249-7601695-4581459/ASINB07PNKZG7C/T9810672563514
,2025/02/28,仕入高,クーパン2,,,課仕 10%（経過措置80%）,無,11840,獲得ポイント残高,,,,対象外,,11840,Razer Viper 8K Hz ゲーミングマウス 8倍以上の高速性 8000,,注文249-1848629-3890214/ASINB08VMNVTQT/
,2025/02/27,仕入高,クーパン2,,,課仕 10%,有,3980,獲得ポイント残高,,,,対象外,,3980,あずきのチカラ ホットアイマスク 蒸気 目もと用 3個セット + Kunuton,,注文249-5565014-8705422/ASINB0CVTNMGDH/T7810577581737
,2025/02/26,仕入高,クーパン2,,,課仕 10%,有,4225,獲得ポイント残高,,,,対象外,,4225,breo アイウォーマー 目元エステ ホット アイマスク 充電式 USB充電 3,,注文249-9686216-5209409/ASINB0B93MDN8B/T5010001207464
,2025/02/26,仕入高,クーパン2,,,課仕 10%（経過措置80%）,無,19580,獲得ポイント残高,,,,対象外,,19580,Potensic Atom SE ドローン本体（バッテリー付属なし）,,注文249-7657212-6404630/ASINB0BVD3B9T7/
,2025/02/25,仕入高,クーパン2,,,課仕 10%,有,15960,獲得ポイント残高,,,,対象外,,15960,ソニー(SONY) ワイヤレスネックバンドスピーカー SRS-NB10:ワイヤレ,,注文249-2810184-8698223/ASINB098JYDS33/T2810352278522
,2025/02/25,仕入高,クーパン2,,,課仕 10%（経過措置80%）,無,10800,獲得ポイント残高,,,,対象外,,10800,プラレール かっこいいがいっぱい! 新幹線 N700S確認試験車 立体レイアウト,,注文249-3528203-1583819/ASINB0847ZWD1L/
,2025/02/24,仕入高,クーパン2,,,課仕 10%（経過措置80%）,無,3580,獲得ポイント残高,,,,対象外,,3580,マテル ジュラシックワールド(JURASSIC WORLD) ダメージ! ひかる,,注文249-9140185-8251801/ASINB0CNYCX9GH/
,2025/02/24,仕入高,クーパン2,,,課仕 10%,有,34141,獲得ポイント残高,,,,対象外,,34141,CCSTOYS 鉄魄[MORTAL MIND]シリーズ 『エヴァンゲリオンANI,,注文249-0031868-7975018/ASINB0CZL24Y2J/T5150003002593
,2025/02/22,仕入高,クーパン2,,,課仕 10%（経過措置80%）,無,4880,獲得ポイント残高,,,,対象外,,4880,コンクリートマイク 高感度 壁集音器 集音マイク イヤホン付き 水漏れ検知 機械,,注文249-4875522-8748615/ASINB0CNK1V2K7/
,2025/02/18,仕入高,クーパン2,,,課仕 10%,有,5445,獲得ポイント残高,,,,対象外,,5445,メルちゃん お人形セット ハローキティネネちゃん,,注文249-1485348-3348656/ASINB07PRBRY58/T9360003007956
,2025/02/18,仕入高,クーパン2,,,課仕 10%,有,12825,獲得ポイント残高,,,,対象外,,12825,Kensington ケンジントン Slimblade Pro ワイヤレストラッ,,注文249-0845141-5023862/ASINB0BN8224SY/T3040001028447
,2025/02/17,仕入高,クーパン2,,,課仕 10%,有,7478,獲得ポイント残高,,,,対象外,,7478,TORERUNO トレルーノ マウスウォッシュ トゥースウォッシュ 口臭 ホワイ,,注文249-3908522-9739848/ASINB09XV8XKQW/T6011101090378
,2025/02/17,仕入高,クーパン2,,,課仕 10%,有,4380,獲得ポイント残高,,,,対象外,,4380,【国内正規品】JILL STUART ジルスチュアート ディープ ヘッドクレンズ,,注文249-4611207-2091868/ASINB0CLGM3423/T3120001210896
,2025/02/16,仕入高,クーパン2,,,課仕 10%,有,18200,獲得ポイント残高,,,,対象外,,18200,Razer Chroma Light Strip Set ChromaRGB対応,,注文249-5725309-0381401/ASINB09MZ387QF/T6810639305721
,2025/02/16,仕入高,クーパン2,,,課仕 10%（経過措置80%）,無,3980,獲得ポイント残高,,,,対象外,,3980,BANDAI MG 1/100 V2ガンダム Ver.Ka用 拡張エフェクトユニ,,注文249-9578843-6875020/ASINB01AC38V6E/
,2025/02/13,仕入高,クーパン2,,,課仕 10%,有,8193,獲得ポイント残高,,,,対象外,,8193,京商オリジナル 1/43 日産 シルビア S15 スペックR ニスモ エアロ (,,注文249-6633762-0613412/ASINB0D5GP1NRB/T3040001028447
,2025/02/12,仕入高,クーパン2,,,課仕 10%,有,32000,獲得ポイント残高,,,,対象外,,32000,ViewSonic M1+_G2 LED モバイルプロジェクター【360度の天井,,注文249-0165645-3723801/ASINB09Y1J1GG3/T3700150112257
,2025/02/10,仕入高,クーパン2,,,課仕 10%,有,15800,獲得ポイント残高,,,,対象外,,15800,SONY 有線 密閉型スタジオモニターヘッドホン 黒 MDR-CD900ST,,注文249-6562546-0281451/ASINB000UPEJCU/T8810785305168
,2025/02/08,仕入高,クーパン2,,,課仕 10%,有,3740,獲得ポイント残高,,,,対象外,,3740,DJECO ジェコ アニマンボ メタルフォン おもちゃ 鉄琴 シロフォン 楽器 ,,注文249-8330096-0506219/ASINB00GLCXSB4/T3070001004809
,2025/02/05,仕入高,クーパン2,,,課仕 10%,有,26409,獲得ポイント残高,,,,対象外,,26409,Google Pixel Buds Pro 2 Hazel GA05762-JP,,注文249-1493898-7484607/ASINB0DCNG76G2/T9021001057309
,2025/02/04,仕入高,クーパン2,,,課仕 10%（経過措置80%）,無,10800,獲得ポイント残高,,,,対象外,,10800,Razer Viper 8K Hz ゲーミングマウス 8倍以上の高速性 8000,,注文249-0695375-6487821/ASINB08VMNVTQT/
,2025/02/04,仕入高,クーパン2,,,課仕 10%,有,12375,獲得ポイント残高,,,,対象外,,12375,メディキューブ AGE-Rスキンブースターショット 【1日5分韓国美肌エステ】 ,,注文249-9624416-5391017/ASINB0BDCRFB9T/T9180001119838
,2025/02/04,仕入高,クーパン2,,,課仕 10%,有,4300,獲得ポイント残高,,,,対象外,,4300,貝印 KAI 包丁 ペティナイフ 120mm 木蓮 日本製 AE5160,,注文249-4535559-3053414/ASINB01CODB95U/T3040001028447
,2025/02/03,仕入高,クーパン2,,,課仕 10%,有,5500,獲得ポイント残高,,,,対象外,,5500,マテル ジュラシックワールド(JURASSIC WORLD) ダメージ！ひかる ,,注文249-3344324-5883849/ASINB0D2WYPHYX/T3040001028447
,2025/02/01,仕入高,クーパン2,,,課仕 10%,有,4275,獲得ポイント残高,,,,対象外,,4275,【Amazon.co.jp 限定】パイロット メルちゃん お人形セット おしょく,,注文249-2436317-3355811/ASINB0CXJ1WRB7/T3040001028447
,2025/02/01,仕入高,クーパン2,,,課仕 10%（経過措置80%）,無,11800,獲得ポイント残高,,,,対象外,,11800,バンダイ(BANDAI) MG 1/100 ガンダムベース限定 ユニコーンガンダ,,注文249-7413513-9531022/ASINB0BD548S43/
,2025/01/31,仕入高,クーパン2,,,課仕 10%,有,9890,獲得ポイント残高,,,,対象外,,9890,Lekufee 防水ハードキャリングケース DJI Mavic 3 Pro/DJ,,注文249-3707529-0582252/ASINB09M6SB9VQ/T4700150114401
,2025/01/31,仕入高,クーパン2,,,課仕 10%,有,4301,獲得ポイント残高,,,,対象外,,4301,MARVIS(マービス) MARVIS マービス ホワイト・ミント 歯磨き粉 爽,,注文249-5441282-6689429/ASINB09NYQSWBG/T3040001028447
,2025/01/31,仕入高,クーパン2,,,課仕 10%（経過措置80%）,無,1900,獲得ポイント残高,,,,対象外,,1900,アムウェイ Amway ガラスクリーナー 109859J,,注文249-4843029-9871028/ASINB006GWSW10/
,2025/01/29,仕入高,クーパン2,,,課仕 10%,有,34500,獲得ポイント残高,,,,対象外,,34500,ペリカンPelikan 万年筆 スーベレーン M405 シルバーホワイト 14K,,注文249-7306415-3159030/ASINB08N4R2Z22/T2040001046573
,2025/01/27,仕入高,クーパン2,,,課仕 10%,有,3986,獲得ポイント残高,,,,対象外,,3986,クリンスイ 浄水器 ポット型 交換用カートリッジ 3個入り CPC5Z,,注文249-7486196-0271853/ASINB0060P7K3E/T4370001012623
,2025/01/26,仕入高,クーパン2,,,課仕 10%,有,3500,獲得ポイント残高,,,,対象外,,3500,【国内正規品】StriVectin ストリベクチン エイジングケア AWSDアド,,注文249-2289645-9442223/ASINB09GKB3SBY/T7120001219562
,2025/01/22,仕入高,クーパン2,,,課仕 10%（経過措置80%）,無,2959,獲得ポイント残高,,,,対象外,,2959,RLSOCO ジレット 髭剃りケース 収納ケース ジレット Gillette L,,注文249-7979217-8314261/ASINB09NM8QG94/
,2025/01/22,仕入高,クーパン2,,,課仕 10%,有,5223,獲得ポイント残高,,,,対象外,,5223,マテル(MATTEL) ジュラシックワールド(JURASSIC WORLD) 海,,注文249-1777272-4131023/ASINB0B5FLM52Y/T3040001028447
,2025/01/22,仕入高,クーパン2,,,課仕 10%,有,4695,獲得ポイント残高,,,,対象外,,4695,デミ フローディア ST スリークモイスト 4 レフィル 450g,,注文249-3845273-7699840/ASINB0CTTNJ39T/T3040001028447
,2025/01/21,仕入高,クーパン2,,,課仕 10%,有,3592,獲得ポイント残高,,,,対象外,,3592,共立電気計器 低圧用検電器 5711,,注文249-2400086-6570203/ASINB07ND42J1V/T3040001028447
,2025/01/21,仕入高,クーパン2,,,課仕 10%（経過措置80%）,無,2330,獲得ポイント残高,,,,対象外,,2330,[Beauty of Joseon] Glow Serum : Propolis,,注文249-7876462-2150229/ASINB086VKZZZY/
,2025/01/17,仕入高,クーパン2,,,課仕 10%,有,3050,獲得ポイント残高,,,,対象外,,3050,スター・ウォーズ/最後のジェダイ ファースト・オーダー ストームトルーパー・エク,,注文249-9097371-2329438/ASINB07593RHZ7/T8290003005968
,2025/01/16,仕入高,クーパン2,,,課仕 10%,有,19404,獲得ポイント残高,,,,対象外,,19404,Noble Audio FoKus H-ANC ブルー | 完全ワイヤレスイヤホ,,注文249-4372724-9726211/ASINB08RWT839J/T8810811857694
,2025/01/07,仕入高,クーパン2,,,課仕 10%,有,3360,獲得ポイント残高,,,,対象外,,3360,【医薬部外品】グレイスワン リンクルケア モイストリペア ジェルクリーム ＥＸ ,,注文249-8384840-6871807/ASINB0D9QBSDBW/T3040001028447
,2025/01/05,仕入高,クーパン2,,,課仕 10%,有,11000,獲得ポイント残高,,,,対象外,,11000,Lashaddict ラッシュアディクト まつ毛美容液 アイラッシュ コンディシ,,注文249-5649653-3224631/ASINB0D35G2PPS/T6011001138525
,2025/01/03,仕入高,クーパン2,,,課仕 10%,有,24930,獲得ポイント残高,,,,対象外,,24930,BenQ ScreenBar Halo モニターライト スクリーンバー ハロー ,,注文249-4308451-0250252/ASINB08WT889V3/T1010001102173
,2025/01/02,仕入高,クーパン2,,,課仕 10%,有,14800,獲得ポイント残高,,,,対象外,,14800,MAFEX マフェックス No.096 ウルヴァリン コミックバージョン 全高約,,注文249-2478761-1123009/ASINB07MXDX5MN/T3810573437293
